;;;;;;;;Rapport d'inventaire;;;;;;;;;;;;;;Date : 2026-07-09;
;;;;;;;;;;;;;;;;;;;;;;Page : 1/1;
;;;;;;;;;;;;;;;;;;;;;;;
;;;;;;;;;;;;;;;;;;;;;;;
De;2026-06-01;;;Ŕ;;2026-07-09;;;;;Médicaments internes;;;;;;;;;;;;
;;;;;;;;;;;;;;;;;;;;;;;
;;;;;;;;;;;;;;;;;;;;;;;
Nom;;Conc.;;;;;DIN;;;# Prod.;;Mfr;Qté Dist.;Qté Inv.;# Cont.;Coűt;Total;;;DIN;upc;;Classe AHFS
A.G.MELATONINE DISS/RAPIDE;;3 MG;;;;;80055875;;;_;;SANTE NAT.;252;222;44;0.10;21.09;;;80055875;63935026088;;Autres médicaments
AA FENO SUPER;;160 MG;;;;;2246860;;;_;;AA PHARMA;84;42;48;0.29;12.18;;;2246860;660933003020;;Autres médicaments
AA LEVOCARB CR;;100-25 MG;;;;;2272873;;;_;;AA PHARMA;126;43;96;0.85;36.49;;;2272873;660933002818;;Autres médicaments
AA LEVOCARB CR;;200-50 MG;;;;;2245211;;;_;;AA PHARMA;154;15;292;1.52;22.82;;;2245211;660933002825;;Autres médicaments
AA METOPROLOL SR;;100 MG;;;;;2285169;;;_;;AA PHARMA;140;97;327;0.42;40.60;;;2285169;771313173643;;Autres médicaments
ACCEL SEVELAMER;;800 MG;;;;;2461501;;;_;;ACCEL;2240;0;178;1.35;0.00;;;2461501;627618000965;;Autres médicaments
ACETAMINOPHENE;;500 MG;;;;;2362228;;;_;;RIVA;5174;0;205;0.02;0.00;;;2362228;775848603514;;Autres médicaments
ACETAMINOPHENE;;500 MG;;;;;2362228;;;_;;RIVA;5174;373;206;0.02;5.67;;;2362228;775848603514;;Autres médicaments
ACETAMINOPHENE;;325 MG;;;;;2362198;;;_;;RIVA;4242;282;229;0.01;3.41;;;2362198;775848602517;;Autres médicaments
ACETAMINOPHENE;;325 MG;;;;;2022214;;;_;;RIVA;1694;91;288;0.01;1.10;;;2022214;775848602012;;Autres médicaments
AMITRIPTYLINE;;50 MG;;;;;456349;;;_;;PRO DOC;154;148;135;0.11;16.92;;;456349;779219003118;;Autres médicaments
APO AMIODARONE;;200 MG;;;;;2246194;;;_;;APOTEX;408;385;52;0.39;151.81;;;2246194;771313186872;;Autres médicaments
APO APIXABAN;;2.5 MG;;;;;2487381;;;_;;APOTEX;4620;670;269;0.44;291.45;;;2487381;771313255189;;Autres médicaments
APO ARIPIPRAZOLE;;15 MG;;;;;2471116;;;_;;APOTEX;140;245;46;1.35;331.09;;;2471116;771313246781;;Autres médicaments
APO ARIPIPRAZOLE;;20 MG;;;;;2471124;;;_;;APOTEX;42;283;47;1.07;301.99;;;2471124;771313246798;;Autres médicaments
APO ARIPIPRAZOLE;;10 MG;;;;;2471108;;;_;;APOTEX;98;290;141;1.15;332.25;;;2471108;771313246774;;Autres médicaments
APO ARIPIPRAZOLE;;2 MG;;;;;2471086;;;_;;APOTEX;126;184;247;0.86;158.50;;;2471086;771313246750;;Autres médicaments
APO ARIPIPRAZOLE;;5 MG;;;;;2471094;;;_;;APOTEX;238;534;341;0.96;514.56;;;2471094;771313246767;;Autres médicaments
APO ATORVASTATIN;;40 MG;;;;;2295296;;;_;;APOTEX;3780;499;214;0.25;124.40;;;2295296;771313189712;;Autres médicaments
APO ATORVASTATIN;;10 MG;;;;;2295261;;;_;;APOTEX;2550;367;224;0.19;68.15;;;2295261;771313189507;;Autres médicaments
APO ATORVASTATIN;;20 MG;;;;;2295288;;;_;;APOTEX;3199;915;239;0.23;212.37;;;2295288;771313189699;;Autres médicaments
APO ATORVASTATIN;;80 MG;;;;;2295318;;;_;;APOTEX;2135;317;255;0.25;79.03;;;2295318;771313208796;;Autres médicaments
APO BACLOFEN;;10 MG;;;;;2139332;;;_;;APOTEX;574;776;264;0.17;131.76;;;2139332;771313076500;;Autres médicaments
APO BISOPROLOL;;5 MG;;;;;2256134;;;_;;APOTEX;2328;692;211;0.06;44.50;;;2256134;771313165525;;Autres médicaments
APO BISOPROLOL;;10 MG;;;;;2256177;;;_;;APOTEX;448;226;372;0.09;21.31;;;2256177;771313164436;;Autres médicaments
APO COLESEVELAM;;625 MG;;;;;2494051;;;_;;APOTEX;504;59;279;0.63;37.27;;;2494051;771313253147;;Autres médicaments
APO CYCLOBENZAPRINE;;10 MG;;;;;2177145;;;_;;APOTEX;112;686;383;0.11;74.50;;;2177145;771313077934;;Autres médicaments
APO DILTIAZ CD;;180 MG;;;;;2230998;;;_;;APOTEX;308;136;362;0.50;67.81;;;2230998;771313059794;;Autres médicaments
APO DUTASTERIDE PLAQ;;0.5 MG;;;;;2404206;;;_;;APOTEX;1751;341;215;0.27;93.06;;;2404206;771313234368;;Autres médicaments
APO ENALAPRIL;;20 MG;;;;;2019906;;;_;;APOTEX;98;280;104;0.34;95.26;;;2019906;771313180528;;Autres médicaments
APO ESCITALOPRAM PLAQ;;20 MG;;;;;2295024;;;_;;APOTEX;224;204;120;0.35;71.99;;;2295024;771313230452;;Autres médicaments
APO ESCITALOPRAM PLAQ;;10 MG;;;;;2295016;;;_;;APOTEX;280;356;197;0.33;117.98;;;2295016;771313230445;;Autres médicaments
APO FLECAINIDE;;50 MG;;;;;2275538;;;_;;APOTEX;182;216;396;0.15;31.95;;;2275538;771313248631;;Autres médicaments
APO FLUOXETINE;;10 MG;;;;;2216353;;;_;;APOTEX;28;594;111;0.36;215.56;;;2216353;771313080392;;Autres médicaments
APO FLUOXETINE;;20 MG;;;;;2216361;;;_;;APOTEX;168;432;380;0.35;152.45;;;2216361;771313080408;;Autres médicaments
APO FLUVOXAMINE;;50 MG;;;;;2231329;;;_;;APOTEX;406;210;167;0.58;121.19;;;2231329;771313127158;;Autres médicaments
APO FUROSEMIDE;;80 MG;;;;;707570;;;_;;APOTEX;1899;0;8;0.07;0.00;;;707570;771313003872;;Autres médicaments
APO FUROSEMIDE;;20 MG;;;;;396788;;;_;;APOTEX;4218;1529;225;0.02;33.79;;;396788;771313003797;;Autres médicaments
APO FUROSEMIDE;;40 MG;;;;;362166;;;_;;APOTEX;3488;194;260;0.03;6.65;;;362166;771313003858;;Autres médicaments
APO GABAPENTIN;;400 MG;;;;;2244306;;;_;;APOTEX;826;150;86;0.13;19.29;;;2244306;771313137959;;Autres médicaments
APO GABAPENTIN;;100 MG (BOUT.);;;;;2244304;;;_;;APOTEX;1336;839;149;0.04;37.17;;;2244304;771313137935;;Autres médicaments
APO GABAPENTIN;;600 MG;;;;;2293358;;;_;;APOTEX;350;401;180;0.19;77.35;;;2293358;771313252867;;Autres médicaments
APO GLICLAZIDE;;80 MG;;;;;2245247;;;_;;APOTEX;574;300;13;0.10;29.76;;;2245247;771313135924;;Autres médicaments
APO GLICLAZIDE MR;;60 MG;;;;;2407124;;;_;;APOTEX;2660;196;203;0.07;13.15;;;2407124;771313236584;;Autres médicaments
APO GLICLAZIDE MR;;30 MG;;;;;2297795;;;_;;APOTEX;2394;967;208;0.10;95.93;;;2297795;771313240390;;Autres médicaments
APO GLYBURIDE;;2.5 MG;;;;;1913654;;;_;;APOTEX;70;959;73;0.03;32.89;;;1913654;771313003940;;Autres médicaments
APO GLYBURIDE;;5 MG;;;;;1913662;;;_;;APOTEX;770;299;209;0.06;18.15;;;1913662;771313003964;;Autres médicaments
APO GUANFACINE XR;;3 MG;;;;;2523744;;;_;;APOTEX;56;0;375;2.35;0.00;;;2523744;771313255639;;Autres médicaments
APO HYDRALAZINE;;10 MG;;;;;441619;;;_;;APOTEX;336;564;267;0.04;21.49;;;441619;771313004381;;Autres médicaments
APO HYDRO;;25 MG;;;;;326844;;;_;;APOTEX;574;1136;31;0.02;19.43;;;326844;771313004497;;Autres médicaments
APO HYDRO;;12.5 MG;;;;;2327856;;;_;;APOTEX;777;603;216;0.01;5.19;;;2327856;771313190046;;Autres médicaments
APO HYDROXYQUINE;;200 MG;;;;;2246691;;;_;;APOTEX;614;173;257;0.17;29.05;;;2246691;771313158459;;Autres médicaments
APO INDAPAMIDE;;2.5 MG;;;;;2223678;;;_;;APOTEX;448;393;145;0.13;49.40;;;2223678;771313124270;;Autres médicaments
APO LAMOTRIGINE;;100 MG;;;;;2245209;;;_;;APOTEX;938;1150;105;0.30;341.32;;;2245209;771313157605;;Autres médicaments
APO LAMOTRIGINE;;25 MG;;;;;2245208;;;_;;APOTEX;854;600;248;0.07;44.58;;;2245208;771313157599;;Autres médicaments
APO LANSOPRAZOLE;;30 MG;;;;;2293838;;;_;;APOTEX;420;612;4;0.39;236.48;;;2293838;771313172479;;Autres médicaments
APO LEFLUNOMIDE;;20 MG;;;;;2256509;;;_;;APOTEX;28;84;316;2.82;236.52;;;2256509;771313164429;;Autres médicaments
APO LEVETIRACETAM;;500 MG;;;;;2285932;;;_;;APOTEX;756;211;253;0.42;87.90;;;2285932;771313171137;;Autres médicaments
APO LEVETIRACETAM;;250 MG;;;;;2285924;;;_;;APOTEX;168;241;321;0.34;82.45;;;2285924;771313171120;;Autres médicaments
APO LEVOCARB;;100-25 MG;;;;;2195941;;;_;;APOTEX;3990;186;163;0.17;32.16;;;2195941;771313080071;;Autres médicaments
APO LITHIUM CARB.;;150 MG;;;;;2242837;;;_;;APOTEX;1120;326;148;0.07;23.15;;;2242837;771313139069;;Autres médicaments
APO METOPROLOL;;25 MG;;;;;2246010;;;_;;APOTEX;3794;1986;212;0.07;136.24;;;2246010;771313178211;;Autres médicaments
APO METOPROLOL L (BLEU);;100 MG;;;;;751170;;;_;;APOTEX;532;856;274;0.13;113.76;;;751170;771313005623;;Autres médicaments
APO METOPROLOL L (ROSE);;50 MG;;;;;749354;;;_;;APOTEX;1722;1118;256;0.07;74.24;;;749354;771313005616;;Autres médicaments
APO MIDODRINE;;5 MG;;;;;2278685;;;_;;APOTEX;1408;107;169;0.20;21.89;;;2278685;771313174619;;Autres médicaments
APO MIDODRINE;;2.5 MG;;;;;2278677;;;_;;APOTEX;392;274;346;0.12;33.67;;;2278677;771313174626;;Autres médicaments
APO MODAFINIL;;100 MG;;;;;2285398;;;_;;APOTEX;56;286;300;0.34;96.64;;;2285398;771313239554;;Autres médicaments
APO NALTREXONE;;50 MG;;;;;2444275;;;_;;APOTEX;126;8;347;2.99;23.92;;;2444275;771313242745;;Autres médicaments
APO OLANZAPINE;;5 MG;;;;;2281805;;;_;;APOTEX;322;66;124;0.38;24.89;;;2281805;771313171298;;Autres médicaments
APO OLANZAPINE;;2.5 MG;;;;;2281791;;;_;;APOTEX;70;273;196;0.19;51.49;;;2281791;771313171281;;Autres médicaments
APO OLANZAPINE;;10 MG;;;;;2281821;;;_;;APOTEX;168;116;381;0.75;87.50;;;2281821;771313171274;;Autres médicaments
APO OLANZAPINE;;7.5 MG;;;;;2281813;;;_;;APOTEX;70;76;386;0.57;43.05;;;2281813;771313171304;;Autres médicaments
APO OMEPRAZOLE;;20 MG;;;;;2245058;;;_;;APOTEX;329;18;339;0.24;4.38;;;2245058;771313157308;;Autres médicaments
APO OXCARBAZEPINE;;300 MG;;;;;2284308;;;_;;APOTEX;252;548;108;0.77;422.73;;;2284308;771313172516;;Autres médicaments
APO PANTOPRAZOLE;;40 MG;;;;;2292920;;;_;;APOTEX;13002;204;232;0.22;43.86;;;2292920;771313257046;;Autres médicaments
APO PANTOPRAZOLE;;40 MG;;;;;2292920;;;_;;APOTEX;13002;596;233;0.22;128.14;;;2292920;771313257046;;Autres médicaments
APO PAROXETINE;;30 MG;;;;;2240909;;;_;;APOTEX;140;186;154;0.37;68.43;;;2240909;771313131742;;Autres médicaments
APO PAROXETINE;;20 MG;;;;;2240908;;;_;;APOTEX;434;164;173;0.35;56.81;;;2240908;771313131728;;Autres médicaments
APO PAROXETINE;;10 MG;;;;;2240907;;;_;;APOTEX;56;350;344;0.32;113.51;;;2240907;771313131711;;Autres médicaments
APO PRAVASTATIN;;10 MG;;;;;2243506;;;_;;APOTEX;166;167;22;0.31;51.89;;;2243506;771313139465;;Autres médicaments
APO PRAVASTATIN;;40 MG;;;;;2243508;;;_;;APOTEX;210;222;153;0.44;97.99;;;2243508;771313139489;;Autres médicaments
APO PREDNISONE;;5 MG;;;;;312770;;;_;;APOTEX;994;1683;61;0.02;39.72;;;312770;771313007207;;Autres médicaments
APO PROPAFENONE;;150 MG;;;;;2243324;;;_;;APOTEX;84;274;368;0.67;183.96;;;2243324;771313138192;;Autres médicaments
APO RAMIPRIL;;2.5 MG;;;;;2251531;;;_;;APOTEX;476;54;23;0.09;4.70;;;2251531;771313171380;;Autres médicaments
APO RAMIPRIL;;5 MG;;;;;2251574;;;_;;APOTEX;602;121;35;0.09;10.54;;;2251574;771313171410;;Autres médicaments
APO RAMIPRIL;;1.25 MG;;;;;2251515;;;_;;APOTEX;224;44;97;0.08;3.32;;;2251515;771313171328;;Autres médicaments
APO RAMIPRIL;;10 MG;;;;;2251582;;;_;;APOTEX;434;376;337;0.11;41.36;;;2251582;771313171359;;Autres médicaments
APO SIMVASTATIN;;20 MG;;;;;2247013;;;_;;APOTEX;312;236;88;0.27;62.87;;;2247013;771313158350;;Autres médicaments
APO SIMVASTATIN;;40 MG;;;;;2247014;;;_;;APOTEX;84;57;89;0.27;15.14;;;2247014;771313158381;;Autres médicaments
APO SIMVASTATIN;;10 MG;;;;;2247012;;;_;;APOTEX;262;364;323;0.22;78.51;;;2247012;771313158336;;Autres médicaments
APO SITAGLIPTIN MALATE;;25 MG;;;;;2508656;;;_;;APOTEX;196;0;371;0.87;0.00;;;2508656;771313257244;;Autres médicaments
APO TERAZOSIN;;2 MG;;;;;2234503;;;_;;APOTEX;140;279;20;0.25;69.36;;;2234503;771313128032;;Autres médicaments
APO TERAZOSIN;;5 MG;;;;;2234504;;;_;;APOTEX;126;414;146;0.72;299.86;;;2234504;771313128056;;Autres médicaments
APO TRIAZIDE;;50-25 MG;;;;;441775;;;_;;APOTEX;28;177;276;0.06;11.43;;;441775;771313008648;;Autres médicaments
APO VALPROIC;;250 MG;;;;;2238048;;;_;;APOTEX;112;188;1;0.31;58.15;;;2238048;771313129305;;Autres médicaments
AVENTYL;;25 MG;;;;;15237;;;_;;AA PHARMA;28;52;317;0.65;33.54;;;15237;660933001743;;Autres médicaments
CALCITRIOL;;0.25 MCG;;;;;2431637;;;_;;ODAN;311;255;172;0.25;63.57;;;2431637;776097671002;;Autres médicaments
CENTRUM FORTE ESSENTIEL;;ADULTE;;;;;80037227;;;_;;GLAXO SK C;196;87;27;0.16;13.80;;;80037227;62107088947;;Autres médicaments
CENTRUM HOMME 50+;;_;;;;;80043120;;;_;;GLAXO SK C;154;148;265;0.16;23.04;;;80043120;62107084802;;Autres médicaments
CLOZARIL;;100 MG;;;;;894745;;;_;;NOVARTIS;616;272;15;4.02;1 094.42;;;894745;827758831065;;Autres médicaments
CORTEF;;10 MG;;;;;30910;;;_;;PFIZER;236;98;293;0.23;22.81;;;30910;621745013096;;Autres médicaments
COTAZYM ECS-20;;_;;;;;821373;;;_;;ORGANON;168;46;85;0.94;43.26;;;821373;620959000182;;Autres médicaments
COVERSYL;;8 MG;;;;;2246624;;;_;;SERVIER;0;71;66;1.17;83.30;;;2246624;771547007813;;Autres médicaments
CRESTOR;;10 MG;;;;;2247162;;;_;;ASTRA ZENE;42;93;67;1.45;134.72;;;2247162;620641013995;;Autres médicaments
CRESTOR;;5 MG;;;;;2265540;;;_;;ASTRA ZENE;70;0;366;1.37;0.00;;;2265540;620641013988;;Autres médicaments
CTP 30;;30 MG;;;;;2296152;;;_;;SUNOVION;56;177;364;0.57;100.64;;;2296152;830802000669;;Autres médicaments
D-TABS;;10 000 UI;;;;;821772;;;_;;RIVA;2376;310;246;0.22;68.20;;;821772;775848102000;;Autres médicaments
DEXILANT;;60 MG;;;;;2354969;;;_;;TAKEDA;2037;81;176;0.39;31.30;;;2354969;627617915901;;Autres médicaments
DEXILANT;;30 MG;;;;;2354950;;;_;;TAKEDA;1008;0;324;0.39;0.00;;;2354950;627617905902;;Autres médicaments
DILANTIN;;100 MG;;;;;22780;;;_;;BGP PHARMA;210;468;388;0.07;33.42;;;22780;60093264024;;Autres médicaments
DOMPERIDONE;;10 MG;;;;;2236857;;;_;;PRO DOC;1190;2958;99;0.05;134.59;;;2236857;779219059528;;Autres médicaments
DULOXETINE PLAQ.;;30 MG;;;;;2495082;;;_;;RIVA;910;37;56;0.51;18.98;;;2495082;775848273052;;Autres médicaments
DULOXETINE PLAQ.;;60 MG;;;;;2495090;;;_;;RIVA;2137;135;285;1.04;140.45;;;2495090;775848273151;;Autres médicaments
FERAMAX PD THERAPEUTIQUE 150;;150 MG;;;;;80075623;;;_;;BIOSYENT;275;110;284;0.63;69.58;;;80075623;891339001246;;Autres médicaments
GEN CLOZAPINE;;25 MG;;;;;2247243;;;_;;MYLAN;56;321;68;0.70;225.37;;;2247243;772927005597;;Autres médicaments
GEN CLOZAPINE;;50 MG;;;;;2305003;;;_;;MYLAN;70;127;71;1.40;178.35;;;2305003;772927008628;;Autres médicaments
GEN CLOZAPINE;;100 MG;;;;;2247244;;;_;;MYLAN;504;177;286;2.82;498.52;;;2247244;772927005627;;Autres médicaments
GLUCOPHAGE;;500 MG;;;;;2099233;;;_;;S-AVENTIS;56;168;226;0.23;38.14;;;2099233;65914250934;;Autres médicaments
GLUMETZA;;1000 MG;;;;;2300451;;;_;;VALEANT;112;120;82;1.76;210.60;;;2300451;60752140317;;Autres médicaments
GLUMETZA;;500 MG;;;;;2268493;;;_;;VALEANT;84;330;90;0.87;288.45;;;2268493;60752140300;;Autres médicaments
INVOKANA;;300 MG;;;;;2425491;;;_;;JANSSEN;196;0;187;2.79;0.00;;;2425491;62773621394;;Autres médicaments
INVOKANA;;100 MG;;;;;2425483;;;_;;JANSSEN;168;92;367;2.79;256.49;;;2425483;62773621387;;Autres médicaments
JAMIESON MELATONINE;;5 MG;;;;;80021179;;;_;;JAMIESON;308;310;150;0.11;33.45;;;80021179;64642062123;;Autres médicaments
JAMIESON MELATONINE;;3 MG;;;;;80015041;;;_;;JAMIESON;630;63;343;0.08;5.13;;;80015041;64642059000;;Autres médicaments
JAMIESON VIT.B2;;100 MG;;;;;309702;;;_;;JAMIESON;896;0;322;0.11;0.00;;;309702;64642022097;;Autres médicaments
JAMP-SENNA;;8.6 MG;;;;;80110688;;;_;;JAMPPHARMA;2814;341;240;0.05;16.81;;;80110688;622082283371;;Autres médicaments
JAMP ACIDE FOLIQUE;;5 MG;;;;;2366061;;;_;;JAMPPHARMA;522;491;313;0.04;19.30;;;2366061;622082281193;;Autres médicaments
JAMP ACIDE FOLIQUE;;1 MG;;;;;80053274;;;_;;JAMPPHARMA;206;985;350;0.02;15.46;;;80053274;622082282602;;Autres médicaments
JAMP ALLOPURINOL;;300 MG;;;;;2421615;;;_;;JAMPPHARMA;350;154;29;0.23;34.87;;;2421615;622082289885;;Autres médicaments
JAMP ALLOPURINOL;;200 MG;;;;;2421607;;;_;;JAMPPHARMA;728;391;53;0.14;54.19;;;2421607;622082289861;;Autres médicaments
JAMP ALLOPURINOL;;100 MG;;;;;2421593;;;_;;JAMPPHARMA;840;408;63;0.08;33.82;;;2421593;622082289847;;Autres médicaments
JAMP BICARBONATE SODIUM;;500 MG;;;;;80030520;;;_;;JAMPPHARMA;2100;236;336;0.07;17.20;;;80030520;622082281674;;Autres médicaments
JAMP COLCHICINE;;0.6 MG;;;;;2373823;;;_;;JAMPPHARMA;532;23;122;0.27;6.28;;;2373823;622082281575;;Autres médicaments
JAMP D GEL;;1000 UI;;;;;80007766;;;_;;JAMPPHARMA;3412;870;189;0.07;64.64;;;80007766;622082280790;;Autres médicaments
JAMP DOXAZOSIN;;4 MG;;;;;2489953;;;_;;JAMPPHARMA;602;416;133;0.24;97.76;;;2489953;622082277479;;Autres médicaments
JAMP FER;;300 MG;;;;;80024232;;;_;;JAMPPHARMA;309;411;277;0.13;54.01;;;80024232;622082282886;;Autres médicaments
JAMP HYDRALAZINE;;25 MG;;;;;2457873;;;_;;JAMPPHARMA;910;1156;306;0.06;74.91;;;2457873;622082276274;;Autres médicaments
JAMP K 20;;1500 MG;;;;;80013007;;;_;;JAMPPHARMA;1293;50;290;0.12;6.18;;;80013007;622082280844;;Autres médicaments
JAMP K 8;;600 MG;;;;;80013005;;;_;;JAMPPHARMA;252;117;340;0.04;5.02;;;80013005;622082280981;;Autres médicaments
JAMP K CITRATE;;10 MEQ;;;;;80023817;;;_;;JAMPPHARMA;84;83;3;0.16;13.65;;;80023817;622082281742;;Autres médicaments
JAMP MAGNESIUM;;250 MG;;;;;80043440;;;_;;JAMPPHARMA;336;274;160;0.08;23.10;;;80043440;622082282237;;Autres médicaments
JAMP MAGNESIUM GLUCONATE;;500 MG;;;;;80009539;;;_;;JAMPPHARMA;980;11;132;0.12;1.27;;;80009539;622082280806;;Autres médicaments
JAMP MULTI 10;;_;;;;;80027568;;;_;;JAMPPHARMA;322;275;338;0.16;44.00;;;80027568;622082281681;;Autres médicaments
JAMP ROSUVASTATIN CALCIUM;;20 MG;;;;;2498359;;;_;;JAMPPHARMA;2661;743;181;0.18;133.74;;;2498359;622082278452;;Autres médicaments
JAMP ROSUVASTATIN CALCIUM;;10 MG;;;;;2498340;;;_;;JAMPPHARMA;3500;1266;182;0.14;182.68;;;2498340;622082278421;;Autres médicaments
JAMP ROSUVASTATIN CALCIUM;;40 MG;;;;;2498367;;;_;;JAMPPHARMA;1232;341;188;0.21;72.33;;;2498367;622082278483;;Autres médicaments
JAMP ROSUVASTATIN CALCIUM;;5 MG;;;;;2498332;;;_;;JAMPPHARMA;2026;888;222;0.14;121.74;;;2498332;622082278391;;Autres médicaments
JAMP SULFATE FERREUX;;300 MG;;;;;31100;;;_;;JAMPPHARMA;2990;714;250;0.02;11.71;;;31100;622082280318;;Autres médicaments
JAMP VIT.B6;;25 MG;;;;;80002890;;;_;;JAMPPHARMA;112;374;92;0.02;7.22;;;80002890;622082280370;;Autres médicaments
JARDIANCE;;25 MG;;;;;2443945;;;_;;BO. ING.;1106;970;259;2.79;2 704.26;;;2443945;58341020584;;Autres médicaments
JARDIANCE;;10 MG;;;;;2443937;;;_;;BO. ING.;1225;136;312;2.79;379.15;;;2443937;58341020614;;Autres médicaments
KOMBOGLYZE;;2.5MG-1000MG;;;;;2389185;;;_;;ASTRA ZENE;84;53;112;1.35;71.68;;;2389185;620641014916;;Autres médicaments
LUXA-D;;2000 UI;;;;;2442256;;;_;;ORIMED;245;3859;358;0.07;284.02;;;2442256;622082291147;;Autres médicaments
LYRICA;;75 MG;;;;;2268434;;;_;;BGP PHARMA;196;73;118;1.67;122.17;;;2268434;621027410056;;Autres médicaments
LYRICA;;50MG;;;;;2268426;;;_;;BGP PHARMA;308;60;298;1.29;77.60;;;2268426;840149663182;;Autres médicaments
M B1;;50 MG;;;;;80054199;;;_;;MANTRA;168;695;16;0.07;51.64;;;80054199;629323090507;;Autres médicaments
M CAL;;500 MG;;;;;80055526;;;_;;MANTRA;9576;158;227;0.02;3.62;;;80055526;629323195004;;Autres médicaments
M CAL;;500 MG;;;;;80055526;;;_;;MANTRA;9576;302;228;0.02;6.92;;;80055526;629323195004;;Autres médicaments
M CAL D1000;;500MG-1000UI;;;;;80019536;;;_;;MANTRA;1071;39;252;0.13;4.99;;;80019536;629323140608;;Autres médicaments
M CAL D400 (BLEU FONCE);;500MG-400UI;;;;;80013329;;;_;;MANTRA;2156;218;230;0.13;27.88;;;80013329;629323110601;;Autres médicaments
M CAL D400 (BLEU FONCE);;500MG-400UI;;;;;80013329;;;_;;MANTRA;2156;250;231;0.13;31.98;;;80013329;629323110601;;Autres médicaments
MAR METHIMAZOLE;;5 MG;;;;;2480107;;;_;;MARCAN;0;140;342;0.16;22.81;;;2480107;697359005673;;Autres médicaments
MAR RANITIDINE;;150 MG;;;;;2443708;;;_;;MARCAN;471;2065;25;0.13;262.46;;;2443708;697359002634;;Autres médicaments
MEZAVANT;;1.2 G;;;;;2297558;;;_;;TAKEDA;336;166;165;1.66;275.15;;;2297558;354092476312;;Autres médicaments
MYLAN DIVALPROEX;;250 MG;;;;;2458934;;;_;;MYLAN;560;290;190;0.14;40.19;;;2458934;772927015107;;Autres médicaments
MYLAN DIVALPROEX;;500 MG;;;;;2459019;;;_;;MYLAN;1092;289;204;0.28;80.20;;;2459019;772927015121;;Autres médicaments
MYLAN DIVALPROEX;;125 MG;;;;;2458926;;;_;;MYLAN;350;297;273;0.08;22.90;;;2458926;772927015091;;Autres médicaments
MYLAN INDAPAMIDE;;1.25 MG;;;;;2240067;;;_;;MYLAN;646;122;394;0.08;9.67;;;2240067;772927004835;;Autres médicaments
MYLAN MIRTAZAPINE;;15 MG;;;;;2256096;;;_;;MYLAN;651;70;245;0.10;7.30;;;2256096;772927006853;;Autres médicaments
MYLAN NIFEDIPINE ER;;30 MG;;;;;2349167;;;_;;MYLAN;462;136;305;0.66;89.37;;;2349167;772927008789;;Autres médicaments
MYLAN NIFEDIPINE ER;;60 MG;;;;;2321149;;;_;;MYLAN;98;0;387;1.00;0.00;;;2321149;772927008772;;Autres médicaments
MYRBETRIQ;;25 MG;;;;;2402874;;;_;;ASTELLAS;154;67;171;1.56;104.19;;;2402874;623552601305;;Autres médicaments
MYRBETRIQ;;50 MG;;;;;2402882;;;_;;ASTELLAS;532;3;198;1.56;4.67;;;2402882;623552602302;;Autres médicaments
NESINA;;6.25 MG;;;;;2417189;;;_;;TAKEDA;0;48;123;2.24;107.38;;;2417189;663220625318;;Autres médicaments
ODAN BUPROPION SR;;150 MG;;;;;2275082;;;_;;ODAN;210;541;351;0.98;528.23;;;2275082;776097720304;;Autres médicaments
ONE ALPHA;;0.25 MCG;;;;;474517;;;_;;XEDITON;162;454;14;0.45;205.25;;;474517;999999999999;;Autres médicaments
ONE ALPHA;;1 MCG;;;;;474525;;;_;;XEDITON;98;184;361;1.35;249.06;;;474525;999999999999;;Autres médicaments
OPUS D;;400 UI;;;;;80039163;;;_;;OPUS;700;317;7;0.03;10.08;;;80039163;186789000063;;Autres médicaments
OPUS VIT.B1;;100 MG;;;;;80049780;;;_;;OPUS;1162;581;62;0.13;78.03;;;80049780;186789000155;;Autres médicaments
PDP AMANTADINE;;100 MG;;;;;1990403;;;_;;PENDOPHARM;238;76;389;0.56;42.56;;;1990403;625972020117;;Autres médicaments
PDP BENZTROPINE;;1 MG;;;;;706531;;;_;;PENDOPHARM;574;1669;74;0.06;95.30;;;706531;625972019746;;Autres médicaments
PERS. DOUL.ARTHRITIQUE;;650 MG;;;;;2371146;;;_;;COUTU;392;72;81;0.07;4.76;;;2371146;55989026213;;Autres médicaments
PMS AMITRIPTYLINE;;25 MG;;;;;654515;;;_;;PHMSCIENCE;602;116;100;0.06;7.18;;;654515;57606024947;;Autres médicaments
PMS AMITRIPTYLINE;;10 MG;;;;;654523;;;_;;PHMSCIENCE;835;433;166;0.03;13.90;;;654523;57606452320;;Autres médicaments
PMS AMLODIPINE;;2.5 MG;;;;;2295148;;;_;;PHMSCIENCE;2901;530;207;0.08;43.14;;;2295148;57606017130;;Autres médicaments
PMS ATENOLOL;;25 MG;;;;;2246581;;;_;;PHMSCIENCE;336;228;116;0.05;10.74;;;2246581;57606966483;;Autres médicaments
PMS ATENOLOL;;50 MG;;;;;2237600;;;_;;PHMSCIENCE;336;156;272;0.10;15.60;;;2237600;57606760029;;Autres médicaments
PMS CANDESARTAN PLAQ;;16 MG;;;;;2391201;;;_;;PHMSCIENCE;749;528;194;0.24;127.09;;;2391201;57606022127;;Autres médicaments
PMS CANDESARTAN PLAQ;;8 MG;;;;;2391198;;;_;;PHMSCIENCE;714;342;310;0.24;82.08;;;2391198;57606022110;;Autres médicaments
PMS CARVEDILOL;;6.25 MG;;;;;2245915;;;_;;PHMSCIENCE;350;129;93;0.22;28.29;;;2245915;57606012470;;Autres médicaments
PMS CARVEDILOL;;25 MG;;;;;2245917;;;_;;PHMSCIENCE;336;214;164;0.22;46.93;;;2245917;57606012456;;Autres médicaments
PMS CARVEDILOL;;12.5 MG;;;;;2245916;;;_;;PHMSCIENCE;392;481;263;0.22;105.48;;;2245916;57606012463;;Autres médicaments
PMS CITALOPRAM;;40 MG;;;;;2248011;;;_;;PHMSCIENCE;280;285;134;0.13;36.45;;;2248011;57606014832;;Autres médicaments
PMS CITALOPRAM;;20 MG;;;;;2248010;;;_;;PHMSCIENCE;1280;237;213;0.13;30.31;;;2248010;57606014573;;Autres médicaments
PMS DAPAGLIFLOZIN;;5MG;;;;;2531550;;;;;pharma science;448;125;397;0.73;90.89;;;2531550;57606995711;;Autres médicaments
PMS DAPAGLIFLOZIN 10MG;;10 MG;;;;;2531569;;;;;PHARMASCIENCE;2054;910;249;0.73;661.66;;;2531569;57606995735;;Autres médicaments
PMS DIGOXIN;;0.0625 MG;;;;;2335700;;;_;;PHMSCIENCE;140;105;119;0.12;12.15;;;2335700;57606020710;;Autres médicaments
PMS DOCUSATE SODIUM;;100 MG;;;;;703494;;;_;;PHMSCIENCE;1428;128;186;0.03;3.40;;;703494;57606349446;;Autres médicaments
PMS EZETIMIBE PLAQ;;10 MG;;;;;2416409;;;_;;PHMSCIENCE;2785;809;241;0.19;156.06;;;2416409;57606022851;;Autres médicaments
PMS FINASTERIDE;;5 MG;;;;;2310112;;;_;;PHMSCIENCE;1036;258;391;0.37;96.39;;;2310112;57606019622;;Autres médicaments
PMS GABAPENTIN;;300 MG;;;;;2243447;;;_;;PHMSCIENCE;1120;702;54;0.11;75.68;;;2243447;57606036070;;Autres médicaments
PMS LITHIUM CARB.;;150 MG;;;;;2216132;;;_;;PHMSCIENCE;1204;802;125;0.07;56.94;;;2216132;57606613240;;Autres médicaments
PMS LOSARTAN;;100 MG;;;;;2309777;;;_;;PHMSCIENCE;224;73;109;0.17;12.56;;;2309777;57606019110;;Autres médicaments
PMS LOSARTAN;;50 MG;;;;;2309769;;;_;;PHMSCIENCE;364;0;270;0.17;0.00;;;2309769;57606019127;;Autres médicaments
PMS MEMANTINE;;10 MG;;;;;2321130;;;_;;PHMSCIENCE;140;28;174;0.47;13.18;;;2321130;57606021304;;Autres médicaments
PMS METOCLOPRAMIDE;;5 MG;;;;;2230431;;;_;;PHMSCIENCE;28;300;370;0.03;8.25;;;2230431;57606043122;;Autres médicaments
PMS MONTELUKAST PLAQ;;10 MG;;;;;2373947;;;_;;PHMSCIENCE;658;93;127;0.45;41.92;;;2373947;57606022523;;Autres médicaments
PMS OXYBUTYNIN;;2.5 MG;;;;;2240549;;;_;;PHMSCIENCE;106;103;147;0.15;15.05;;;2240549;57606006011;;Autres médicaments
PMS OXYBUTYNIN;;5 MG;;;;;2240550;;;_;;PHMSCIENCE;210;472;325;0.11;49.65;;;2240550;57606199096;;Autres médicaments
PMS PRAVASTATIN;;20 MG;;;;;2247656;;;_;;PHMSCIENCE;84;297;69;0.37;108.61;;;2247656;57606013668;;Autres médicaments
PMS PREGABALIN;;150 MG;;;;;2359634;;;_;;PHMSCIENCE;1414;267;28;0.44;117.85;;;2359634;57606021892;;Autres médicaments
PMS PREGABALIN;;75 MG;;;;;2359626;;;_;;PHMSCIENCE;1641;1167;36;0.32;373.91;;;2359626;57606021885;;Autres médicaments
PMS PREGABALIN;;50 MG;;;;;2359618;;;_;;PHMSCIENCE;2762;285;161;0.25;70.54;;;2359618;57606021878;;Autres médicaments
PMS PREGABALIN;;25 MG;;;;;2359596;;;_;;PHMSCIENCE;2156;590;299;0.16;93.04;;;2359596;57606021861;;Autres médicaments
PMS PREGABALIN;;300 MG;;;;;2359642;;;_;;PHMSCIENCE;168;172;365;0.44;75.92;;;2359642;57606021908;;Autres médicaments
PMS PROGESTERONE PLAQ;;100 MG;;;;;2476576;;;_;;PHMSCIENCE;168;187;376;0.32;59.97;;;2476576;57606030009;;Autres médicaments
PMS QUETIAPINE;;25 MG;;;;;2296551;;;_;;PHMSCIENCE;2912;71;221;0.05;3.73;;;2296551;57606017321;;Autres médicaments
PMS QUETIAPINE;;100 MG;;;;;2296578;;;_;;PHMSCIENCE;658;431;315;0.14;60.51;;;2296578;57606017345;;Autres médicaments
PMS QUETIAPINE;;300 MG;;;;;2296608;;;_;;PHMSCIENCE;84;222;353;0.41;91.33;;;2296608;57606017383;;Autres médicaments
PMS QUETIAPINE;;200 MG;;;;;2296594;;;_;;PHMSCIENCE;56;440;356;0.28;124.12;;;2296594;57606017376;;Autres médicaments
PMS RAMIPRIL HCTZ;;10-12.5 MG;;;;;2342154;;;_;;PHMSCIENCE;84;470;42;0.14;65.80;;;2342154;57606021144;;Autres médicaments
PMS RAMIPRIL HCTZ;;10-25 MG;;;;;2342170;;;_;;PHMSCIENCE;56;230;294;0.14;32.29;;;2342170;57606021151;;Autres médicaments
PMS RISPERIDONE;;4 MG;;;;;2252066;;;_;;PHMSCIENCE;42;226;87;0.86;195.33;;;2252066;57606015044;;Autres médicaments
PMS RISPERIDONE;;3 MG;;;;;2252058;;;_;;PHMSCIENCE;294;325;98;0.65;210.47;;;2252058;57606014979;;Autres médicaments
PMS RISPERIDONE;;0.25 MG;;;;;2252007;;;_;;PHMSCIENCE;560;1538;117;0.09;143.50;;;2252007;57606015006;;Autres médicaments
PMS RISPERIDONE;;2 MG;;;;;2252031;;;_;;PHMSCIENCE;266;286;159;0.43;123.81;;;2252031;57606014962;;Autres médicaments
PMS RISPERIDONE;;0.5 MG;;;;;2252015;;;_;;PHMSCIENCE;434;321;168;0.16;50.20;;;2252015;57606014993;;Autres médicaments
PMS RISPERIDONE;;1 MG;;;;;2252023;;;_;;PHMSCIENCE;266;358;289;0.22;77.47;;;2252023;57606014955;;Autres médicaments
PMS SACUBITRIL-VALSARTAN;;24/26 MG;;;;;2564432;;;;;pharma science;1512;458;19;1.97;903.91;;;2564432;57606957740;;Autres médicaments
PMS SACUBITRIL-VALSARTAN;;97-103 MAG;;;;;2564459;;;;;pharma science;872;769;114;1.97;1 517.70;;;2564459;57606995759;;Autres médicaments
PMS SACUBITRIL-VALSARTAN;;49-51 MG;;;;;2564440;;;;;pharma science;742;3;138;1.97;5.92;;;2564440;57606995742;;Autres médicaments
PMS SENNOSIDES;;8.6 MG;;;;;896411;;;_;;PHMSCIENCE;1450;2609;10;0.05;128.62;;;896411;57606641120;;Autres médicaments
PMS SERTRALINE;;25 MG;;;;;2244838;;;_;;PHMSCIENCE;980;543;64;0.16;87.64;;;2244838;57606966391;;Autres médicaments
PMS SERTRALINE;;50 MG;;;;;2244839;;;_;;PHMSCIENCE;1183;0;311;0.32;0.00;;;2244839;57606966407;;Autres médicaments
PMS SERTRALINE;;100 MG;;;;;2244840;;;_;;PHMSCIENCE;1435;242;314;0.35;85.04;;;2244840;57606966421;;Autres médicaments
PMS SILODOSIN;;8 MG;;;;;2517787;;;_;;PHMSCIENCE;252;319;280;0.40;126.67;;;2517787;57606881106;;Autres médicaments
PMS SULFASALAZINE E.C.;;500 MG;;;;;598488;;;_;;PHMSCIENCE;392;0;129;0.41;0.00;;;598488;57606848826;;Autres médicaments
PMS TOPIRAMATE;;100 MG;;;;;2263009;;;_;;PHMSCIENCE;210;400;11;0.49;195.16;;;2263009;57606015617;;Autres médicaments
PMS TOPIRAMATE;;25 MG;;;;;2262991;;;_;;PHMSCIENCE;616;328;70;0.26;85.05;;;2262991;57606015600;;Autres médicaments
PMS TRANDOLAPRIL;;1 MG;;;;;2357763;;;_;;PHMSCIENCE;98;97;38;0.19;18.19;;;2357763;57606995490;;Autres médicaments
PMS TRANDOLAPRIL;;0.5 MG;;;;;2357755;;;_;;PHMSCIENCE;98;0;121;0.07;0.00;;;2357755;57606995483;;Autres médicaments
PMS TRANDOLAPRIL;;4 MG;;;;;2357798;;;_;;PHMSCIENCE;98;145;170;0.27;38.53;;;2357798;57606995513;;Autres médicaments
PMS URSODIOL C;;250 MG;;;;;2273497;;;_;;PHMSCIENCE;476;533;179;0.41;216.61;;;2273497;57606016164;;Autres médicaments
PMS URSODIOL C;;500 MG;;;;;2273500;;;_;;PHMSCIENCE;140;53;379;0.77;40.88;;;2273500;57606016188;;Autres médicaments
PMS ZOPICLONE;;7.5 MG;;;;;2240606;;;_;;PHMSCIENCE;266;492;137;0.50;245.66;;;2240606;57606008527;;Autres médicaments
PMS ZOPICLONE;;5 MG;;;;;2243426;;;_;;PHMSCIENCE;98;361;398;0.24;85.88;;;2243426;57606044525;;Autres médicaments
PRESERVISION;;AREDS 2;;;;;80046427;;;_;;B & LOMB;380;364;60;0.19;69.67;;;80046427;324208697603;;Autres médicaments
PRO ISMN;;60 MG;;;;;2311321;;;_;;PRO DOC;374;294;254;0.38;110.46;;;2311321;779219084513;;Autres médicaments
PRO LEVETIRACETAM;;750 MG;;;;;2311399;;;_;;PRO DOC;532;93;184;0.58;53.64;;;2311399;779219093263;;Autres médicaments
PRO METFORMIN;;500 MG;;;;;2314908;;;_;;PRO DOC;56;480;26;0.03;12.67;;;2314908;779219050556;;Autres médicaments
PRO QUININE;;200 MG;;;;;2311216;;;_;;PRO DOC;98;192;76;0.25;48.83;;;2311216;779219085015;;Autres médicaments
RIVA-VITAMINE B12;;1200 MCG;;;;;80091214;;;;;RIVA;4981;160;201;0.11;17.87;;;80091214;775848296303;;Autres médicaments
RIVA APIXABAN PLAQ.;;5 MG;;;;;2525526;;;_;;RIVA;5958;826;258;0.43;351.96;;;2525526;775848292152;;Autres médicaments
RIVA CLOPIDOGREL PLAQ;;75 MG;;;;;2388529;;;_;;RIVA;2404;912;183;0.28;255.36;;;2388529;775848189025;;Autres médicaments
RIVA LABETALOL;;100 MG;;;;;2489406;;;_;;RIVA;56;340;330;0.21;71.81;;;2489406;775848190007;;Autres médicaments
RIVASA;;80 MG;;;;;2202352;;;_;;RIVA;1008;764;307;0.06;43.62;;;2202352;775848177701;;Autres médicaments
RIVASA EC;;80 MG;;;;;2485222;;;_;;RIVA;8556;55;210;0.06;3.10;;;2485222;775848249002;;Autres médicaments
SANDOZ ALFUZOSIN;;10 MG;;;;;2304678;;;_;;Sandoz;378;516;185;0.28;142.98;;;2304678;57513138003;;Autres médicaments
SANDOZ AMLODIPINE;;10 MG;;;;;2284391;;;_;;Sandoz;2261;454;202;0.21;96.29;;;2284391;57513120404;;Autres médicaments
SANDOZ AMLODIPINE;;5 MG;;;;;2284383;;;_;;SANDOZ;5262;1107;234;0.14;158.19;;;2284383;57513120305;;Autres médicaments
SANDOZ BISOPROLOL;;1.25MG;;;;;2544245;;;;;SANDOZ;816;577;192;0.02;9.35;;;2544245;57513223433;;Autres médicaments
SANDOZ BISOPROLOL;;2.5MG;;;;;2544253;;;;;SANDOZ;2705;282;219;0.03;9.05;;;2544253;57513217838;;Autres médicaments
SANDOZ CANDESARTAN;;32 MG;;;;;2417340;;;_;;SANDOZ;266;24;283;0.24;5.76;;;2417340;57513212925;;Autres médicaments
SANDOZ CANDESARTAN PLAQ.;;4 MG;;;;;2326957;;;_;;SANDOZ;98;85;72;0.36;30.78;;;2326957;57513165900;;Autres médicaments
SANDOZ CARBAMAZEPINE CR;;200 MG;;;;;2261839;;;_;;SANDOZ;84;66;128;0.10;6.53;;;2261839;57513113505;;Autres médicaments
SANDOZ CLONIDINE;;0.2 MG;;;;;2515792;;;_;;SANDOZ;56;494;303;0.13;63.68;;;2515792;57513221255;;Autres médicaments
SANDOZ DONEPEZIL;;10 MG;;;;;2328682;;;_;;SANDOZ;840;172;2;0.49;84.04;;;2328682;57513183300;;Autres médicaments
SANDOZ DONEPEZIL;;5 MG;;;;;2328666;;;_;;SANDOZ;287;524;335;0.49;256.03;;;2328666;57513183508;;Autres médicaments
SANDOZ EDOXABAN;;60 mg;;;;;2553430;;;;;Sandoz;350;842;49;0.78;659.20;;;2553430;57513224034;;Autres médicaments
SANDOZ EDOXABAN;;30 mg;;;;;2553422;;;;;Sandoz;448;0;50;0.78;0.00;;;2553422;57513223990;;Autres médicaments
SANDOZ ESOMEPRAZOLE;;40 MG;;;;;2460939;;;_;;Sandoz;546;181;103;0.59;106.01;;;2460939;57513215940;;Autres médicaments
SANDOZ FENOFIBRATE E;;48 MG;;;;;2390698;;;_;;SANDOZ;42;330;43;0.38;124.94;;;2390698;57513216466;;Autres médicaments
SANDOZ FENOFIBRATE E;;145 MG;;;;;2390701;;;_;;SANDOZ;245;188;113;0.29;54.52;;;2390701;57513215100;;Autres médicaments
SANDOZ FESOTERODINE FUMARATE;;4 MG;;;;;2521768;;;_;;SANDOZ;70;294;156;1.20;352.39;;;2521768;57513221194;;Autres médicaments
SANDOZ FESOTERODINE FUMARATE;;8 MG;;;;;2521776;;;_;;Sandoz;98;146;399;1.20;174.89;;;2521776;57513221217;;Autres médicaments
SANDOZ IRBESARTAN;;300 MG;;;;;2328496;;;_;;SANDOZ;1050;389;130;0.24;94.49;;;2328496;57513167102;;Autres médicaments
SANDOZ IRBESARTAN;;150 MG;;;;;2328488;;;_;;SANDOZ;553;372;262;0.24;90.36;;;2328488;57513167201;;Autres médicaments
SANDOZ IRBESARTAN;;75 MG;;;;;2328461;;;_;;SANDOZ;504;153;295;0.24;37.16;;;2328461;57513167409;;Autres médicaments
SANDOZ IRBESARTAN HCT;;150-12.5 MG;;;;;2337428;;;_;;SANDOZ;56;84;41;0.24;20.40;;;2337428;57513186608;;Autres médicaments
SANDOZ LACOSAMIDE;;200 MG;;;;;2474700;;;_;;SANDOZ;56;0;78;1.54;0.00;;;2474700;57513219283;;Autres médicaments
SANDOZ LACOSAMIDE;;50 MG;;;;;2474670;;;_;;Sandoz;0;240;223;0.67;161.38;;;2474670;57513219276;;Autres médicaments
SANDOZ LOSARTAN;;25 MG;;;;;2313332;;;_;;SANDOZ;112;0;400;0.17;0.00;;;2313332;57513166501;;Autres médicaments
SANDOZ METFORMIN FC;;500 MG;;;;;2246820;;;_;;SANDOZ;14329;666;235;0.03;17.45;;;2246820;57513085611;;Autres médicaments
SANDOZ METFORMIN FC;;500 MG;;;;;2246820;;;_;;SANDOZ;14329;206;236;0.03;5.40;;;2246820;57513085611;;Autres médicaments
SANDOZ METFORMIN FC;;850 MG;;;;;2246821;;;_;;SANDOZ;2842;14;237;0.04;0.50;;;2246821;57513218033;;Autres médicaments
SANDOZ METFORMIN FC;;850 MG;;;;;2246821;;;_;;SANDOZ;2842;174;238;0.04;6.25;;;2246821;57513218033;;Autres médicaments
SANDOZ PERINDOPRIL-INDAPAMIDE;;8-2.5MG PLAQ;;;;;2470446;;;_;;SANDOZ;238;68;91;0.30;20.69;;;2470446;57513219122;;Autres médicaments
SANDOZ PERINDOPRIL-INDAPAMIDE;;4-1.25MG PLAQ;;;;;2470438;;;_;;SANDOZ;168;378;195;0.27;102.85;;;2470438;57513219139;;Autres médicaments
SANDOZ PERINDOPRIL PLAQ;;4 MG;;;;;2470233;;;_;;SANDOZ;1092;1207;242;0.22;262.04;;;2470233;57513219214;;Autres médicaments
SANDOZ PERINDOPRIL PLAQ;;8 MG;;;;;2470241;;;_;;SANDOZ;826;458;244;0.30;138.04;;;2470241;57513219191;;Autres médicaments
SANDOZ PERINDOPRIL PLAQ.;;2 MG;;;;;2470225;;;_;;Sandoz;1218;928;243;0.17;161.10;;;2470225;57513219245;;Autres médicaments
SANDOZ PRAMIPEXOLE;;0.5 MG;;;;;2315270;;;_;;SANDOZ;126;128;83;0.43;54.77;;;2315270;57513132407;;Autres médicaments
SANDOZ PRAMIPEXOLE;;0.25 MG;;;;;2315262;;;_;;SANDOZ;14;355;220;0.21;73.52;;;2315262;57513132308;;Autres médicaments
SANDOZ QUETIAPINE XRT;;200 MG;;;;;2407701;;;_;;Sandoz;294;99;102;0.71;70.24;;;2407701;57513215391;;Autres médicaments
SANDOZ QUETIAPINE XRT;;150 MG;;;;;2407698;;;_;;Sandoz;252;126;106;0.52;66.06;;;2407698;57513215353;;Autres médicaments
SANDOZ QUETIAPINE XRT;;300 MG;;;;;2407728;;;_;;Sandoz;252;61;158;1.04;63.53;;;2407728;57513215377;;Autres médicaments
SANDOZ QUETIAPINE XRT;;50 MG;;;;;2407671;;;_;;SANDOZ;770;201;177;0.27;53.55;;;2407671;57513215889;;Autres médicaments
SANDOZ REPAGLINIDE;;1 MG;;;;;2357461;;;_;;SANDOZ;350;578;9;0.09;51.62;;;2357461;57513188701;;Autres médicaments
SANDOZ REPAGLINIDE;;2 MG;;;;;2357488;;;_;;Sandoz;259;146;200;0.09;13.56;;;2357488;57513188800;;Autres médicaments
SANDOZ REPAGLINIDE;;0.5 MG;;;;;2357453;;;_;;Sandoz;126;486;363;0.09;41.89;;;2357453;57513188602;;Autres médicaments
SANDOZ SAXAGLIPTIN PLAQ;;5 MG;;;;;2468611;;;_;;SANDOZ;112;108;329;1.62;174.81;;;2468611;57513221682;;Autres médicaments
SANDOZ SITAGLIPTIN;;100 MG;;;;;2504065;;;_;;Sandoz;784;848;51;0.87;740.22;;;2504065;57513222207;;Autres médicaments
SANDOZ SITAGLIPTIN;;50 MG;;;;;2504057;;;_;;Sandoz;504;84;369;0.87;73.32;;;2504057;57513222214;;Autres médicaments
SANDOZ SITAGLIPTIN/METFORM.XR;;50-1000MG;;;;;2529114;;;_;;Sandoz;532;75;304;0.73;54.72;;;2529114;57513222290;;Autres médicaments
SANDOZ SITAGLIPTIN/METFORMIN;;50-1000 MG;;;;;2503972;;;_;;SANDOZ;1428;51;59;0.47;24.15;;;2503972;57513222344;;Autres médicaments
SANDOZ SITAGLIPTIN/METFORMIN;;50-850 MG;;;;;2503964;;;_;;SANDOZ;406;49;131;0.47;23.17;;;2503964;57513222351;;Autres médicaments
SANDOZ SITAGLIPTIN/METFORMIN;;50-500 MG;;;;;2503956;;;_;;SANDOZ;196;391;139;0.47;185.18;;;2503956;57513222399;;Autres médicaments
SANDOZ SOLIFENACIN;;5 MG;;;;;2399032;;;_;;SANDOZ;378;430;142;0.32;139.15;;;2399032;57513216176;;Autres médicaments
SANDOZ SOLIFENACIN;;10 MG;;;;;2399040;;;_;;SANDOZ;252;298;266;0.32;96.43;;;2399040;57513216190;;Autres médicaments
SANDOZ TAMSULOSIN CR;;0.4 MG;;;;;2340208;;;_;;SANDOZ;5081;815;261;0.16;130.07;;;2340208;57513188107;;Autres médicaments
SANDOZ TELMISARTAN PLAQ.;;80 MG;;;;;2375966;;;_;;SANDOZ;616;328;278;0.23;75.44;;;2375966;57513214417;;Autres médicaments
SANDOZ TELMISARTAN PLAQ.;;40 MG;;;;;2375958;;;_;;SANDOZ;448;902;349;0.23;207.46;;;2375958;57513214400;;Autres médicaments
SANDOZ VALSARTAN;;160 MG;;;;;2356767;;;_;;SANDOZ;196;230;84;0.23;52.90;;;2356767;57513212512;;Autres médicaments
SANDOZ VALSARTAN;;40 MG;;;;;2356740;;;_;;SANDOZ;294;26;94;0.24;6.13;;;2356740;57513212468;;Autres médicaments
SANDOZ VALSARTAN;;80 MG;;;;;2356759;;;_;;SANDOZ;378;157;193;0.23;36.11;;;2356759;57513212482;;Autres médicaments
SYNJARDY;;1000-5 MG;;;;;2456591;;;_;;BO. ING.;0;183;57;1.44;263.14;;;2456591;58341021024;;Autres médicaments
SYNJARDY;;1000-12.5 MG;;;;;2456621;;;_;;BO. ING.;210;157;77;1.44;225.75;;;2456621;58341021055;;Autres médicaments
SYNJARDY;;850-5 MG;;;;;2456583;;;_;;BO. ING.;140;133;115;1.44;191.21;;;2456583;58341021017;;Autres médicaments
SYNJARDY;;500-5 MG;;;;;2456575;;;_;;BO. ING.;168;41;281;1.44;58.95;;;2456575;58341021000;;Autres médicaments
SYNTHROID;;0.1 MG;;;;;2172100;;;_;;BGP PHARMA;715;335;6;0.07;22.01;;;2172100;55873100203;;Autres médicaments
SYNTHROID;;0.175 MG;;;;;2172135;;;_;;BGP PHARMA;0;820;21;0.10;84.38;;;2172135;55873100265;;Autres médicaments
SYNTHROID;;0.15 MG;;;;;2172127;;;_;;BGP PHARMA;364;567;33;0.07;40.09;;;2172127;55873100258;;Autres médicaments
SYNTHROID;;0.125 MG;;;;;2172119;;;_;;BGP PHARMA;516;357;39;0.10;34.16;;;2172119;55873100227;;Autres médicaments
SYNTHROID;;0.05 MG;;;;;2172070;;;_;;BGP PHARMA;1295;248;199;0.05;12.38;;;2172070;55873100173;;Autres médicaments
SYNTHROID;;0.112 MG;;;;;2171228;;;_;;BGP PHARMA;569;327;218;0.09;30.84;;;2171228;55873100210;;Autres médicaments
SYNTHROID;;0.025 MG;;;;;2172062;;;_;;BGP PHARMA;587;24;308;0.08;1.97;;;2172062;55873100159;;Autres médicaments
SYNTHROID;;0.075 MG;;;;;2172089;;;_;;BGP PHARMA;1177;668;309;0.09;59.65;;;2172089;55873100180;;Autres médicaments
SYNTHROID;;0.088 MG;;;;;2172097;;;_;;BGP PHARMA;845;81;333;0.09;7.23;;;2172097;55873100197;;Autres médicaments
SYNTHROID;;0.137 MG;;;;;2233852;;;_;;BGP PHARMA;266;301;334;0.17;50.30;;;2233852;55873100234;;Autres médicaments
TARO RIVAROXABAN;;15 MG;;;;;2483815;;;;;TARO;105;245;332;0.76;187.25;;;2483815;63691082397;;Autres médicaments
TEGRETOL CR;;400 MG;;;;;755583;;;_;;NOVARTIS;0;196;107;0.70;138.10;;;755583;63601022246;;Autres médicaments
TEVA BUPROPION XL (ACT);;150 MG;;;;;2439654;;;_;;TEVA;406;0;75;0.16;0.00;;;2439654;830790006131;;Autres médicaments
TEVA BUPROPION XL (ACT);;300 MG;;;;;2439662;;;_;;TEVA;196;235;275;0.31;73.18;;;2439662;830790006148;;Autres médicaments
TEVA CARBAMAZEPINE;;200 MG;;;;;782718;;;_;;TEVA;546;84;58;0.24;19.82;;;782718;68510095404;;Autres médicaments
TEVA CITALOPRAM;;10 MG;;;;;2312336;;;_;;TEVA;966;409;395;0.08;31.25;;;2312336;68510399403;;Autres médicaments
TEVA CLONIDINE;;0.1 MG;;;;;2046121;;;_;;TEVA;140;160;331;0.07;11.54;;;2046121;68510117403;;Autres médicaments
TEVA DILTIAZEM CD;;300 MG;;;;;2242541;;;_;;TEVA;112;89;101;0.83;73.61;;;2242541;68510158406;;Autres médicaments
TEVA DILTIAZEM CD;;120 MG;;;;;2242538;;;_;;TEVA;224;87;354;0.38;32.69;;;2242538;68510150400;;Autres médicaments
TEVA DILTIAZEM CD;;240 MG;;;;;2242540;;;_;;TEVA;42;26;384;0.66;17.20;;;2242540;68510154408;;Autres médicaments
TEVA ENTACAPONE;;200 MG;;;;;2375559;;;_;;TEVA;364;68;328;0.43;29.04;;;2375559;68510181756;;Autres médicaments
TEVA FAMOTIDINE;;20 MG;;;;;2022133;;;_;;teva;238;187;95;0.28;52.90;;;2022133;68510896407;;Autres médicaments
TEVA GABAPENTIN;;800 MG;;;;;2247346;;;_;;teva;168;116;382;0.26;29.79;;;2247346;68510229403;;Autres médicaments
TEVA LISINOPRIL Z;;20 MG;;;;;2285134;;;_;;teva;140;98;385;0.21;20.30;;;2285134;68510706409;;Autres médicaments
TEVA MEXILETINE;;100 MG;;;;;2230359;;;_;;TEVA;84;260;378;0.78;203.45;;;2230359;68510289407;;Autres médicaments
TEVA MIRTAZAPINE;;30 MG;;;;;2259354;;;_;;TEVA;280;125;157;0.21;25.99;;;2259354;68510337276;;Autres médicaments
TEVA OMEPRAZOLE DR;;20 MG;;;;;2295415;;;_;;teva;28;692;45;0.24;168.09;;;2295415;68510492401;;Autres médicaments
TEVA PROPRANOLOL;;40 MG;;;;;496499;;;_;;teva;434;250;175;0.13;33.00;;;496499;68510451408;;Autres médicaments
TEVA PROPRANOLOL;;10 MG;;;;;496480;;;_;;TEVA;1001;811;348;0.08;66.34;;;496480;68510450401;;Autres médicaments
TEVA SPIRONOLACTONE;;25 MG;;;;;613215;;;_;;TEVA;1621;410;251;0.04;17.59;;;613215;68510578709;;Autres médicaments
TEVA SPIRONOLACTONE;;100 MG;;;;;613223;;;_;;TEVA;28;68;377;0.10;6.90;;;613223;68510579409;;Autres médicaments
TEVA TRAZODONE;;50 MG;;;;;2144263;;;_;;TEVA;639;796;287;0.06;46.65;;;2144263;68510761408;;Autres médicaments
TEVA TRAZODONE;;100 MG;;;;;2144271;;;_;;TEVA;350;438;352;0.11;46.30;;;2144271;68510762405;;Autres médicaments
TEVA VALACYCLOVIR;;500 MG;;;;;2357534;;;_;;teva;182;17;301;0.66;11.22;;;2357534;68510177780;;Autres médicaments
TIAZAC XC;;360 MG;;;;;2256770;;;_;;VALEANT;28;133;140;1.49;198.41;;;2256770;60752000277;;Autres médicaments
TRAJENTA;;5 MG;;;;;2370921;;;_;;BO. ING.;784;413;12;2.40;989.42;;;2370921;58341020195;;Autres médicaments
TRINTELLIX;;5 MG;;;;;2432919;;;_;;LUNDBECK;42;99;320;3.00;296.71;;;2432919;626873454049;;Autres médicaments
TYLENOL DOULEURS ARTHRITIQUES;;650 MG;;;;;2238885;;;_;;JOHNSON J.;504;315;152;0.12;39.31;;;2238885;64541302498;;Autres médicaments
VASCEPA;;1 G;;;;;2495244;;;_;;HLS THERAP;364;76;65;2.61;198.31;;;2495244;827758351020;;Autres médicaments
VENLAFAXINE XR (RIVA);;75 MG;;;;;2489686;;;_;;RIVA;879;132;55;0.19;25.65;;;2489686;775848261103;;Autres médicaments
VENLAFAXINE XR (RIVA);;150 MG;;;;;2489694;;;_;;RIVA;1061;0;302;0.21;0.00;;;2489694;775848261202;;Autres médicaments
VENLAFAXINE XR (RIVA);;37.5 MG;;;;;2489678;;;_;;RIVA;567;305;360;0.10;29.62;;;2489678;775848261004;;Autres médicaments
WEBBER CALCIUM CITRATE;;300 MG;;;;;80003855;;;_;;WN;224;205;390;0.08;16.40;;;80003855;625273050165;;Autres médicaments
WELLBUTRIN XL;;300 MG;;;;;2275104;;;_;;VALEANT;308;119;40;1.12;133.63;;;2275104;60752000178;;Autres médicaments
WELLBUTRIN XL;;150 MG;;;;;2275090;;;_;;VALEANT;126;0;357;0.56;0.00;;;2275090;60752000161;;Autres médicaments
WINPRED;;1 MG;;;;;271373;;;_;;AA PHARMA;364;263;393;0.14;35.79;;;271373;660933001705;;Autres médicaments
XYLAC;;2.5 MG;;;;;2242868;;;_;;PENDOPHARM;0;244;37;0.27;65.37;;;2242868;824699000000;;Autres médicaments
TARO WARFARIN;;3 MG;;;;;2242683;;;_;;TARO;134;49;126;0.11;5.31;;;2242683;63691031456;;HD-Médicaments du sang
TARO WARFARIN;;4 MG;;;;;2242684;;;_;;TARO;28;40;296;0.11;4.34;;;2242684;63691031326;;HD-Médicaments du sang
TARO WARFARIN;;5 MG;;;;;2242685;;;_;;TARO;0;919;297;0.07;64.33;;;2242685;63691031333;;HD-Médicaments du sang
TARO WARFARIN;;2 MG;;;;;2242681;;;_;;TARO;6;1225;359;0.09;110.25;;;2242681;63691031302;;HD-Médicaments du sang
A.G.MELATONINE;;5 MG;;;;;80032965;;;_;;SANTE NAT.;70;13;374;0.10;1.24;;;80032965;63935013958;;HD-Sels d'or
A.G.MELATONINE X-FORT;;10 MG;;;;;80001155;;;_;;SANTE NAT.;98;246;326;0.18;44.28;;;80001155;63935011664;;HD-Sels d'or
CHLORURE SOD. #SO370-C;;1 G;;;;;1300329;;;_;;MEDISCA;1078;14;30;0.20;2.75;;;1300329;625075294958;;HD-Sels d'or
JAMIESON MAGNESIUM;;250 MG;;;;;80005079;;;_;;JAMIESON;1974;74;80;0.12;8.54;;;80005079;64642027078;;HD-Sels d'or
JAMIESON MAGNESIUM;;100 MG;;;;;2068400;;;_;;JAMIESON;84;253;151;0.11;27.30;;;2068400;64642022103;;HD-Sels d'or
JAMP VITA 3B;;_;;;;;80028428;;;_;;JAMPPHARMA;98;262;110;0.25;64.56;;;80028428;622082281155;;HD-Sels d'or
JAMPLAVITE;;VIT.B&C;;;;;80020788;;;_;;JAMPPHARMA;476;187;136;0.30;56.64;;;80020788;622082281032;;HD-Sels d'or
M B12;;250 MCG;;;;;80055743;;;_;;MANTRA;502;244;17;0.06;13.93;;;80055743;629323080256;;HD-Sels d'or
M B12;;1000 MCG;;;;;80055741;;;_;;MANTRA;680;0;355;0.07;0.00;;;80055741;629323081000;;HD-Sels d'or
OPUS VIT.B12;;100 MCG;;;;;80074817;;;_;;OPUS;130;226;291;0.05;11.68;;;80074817;186789000186;;HD-Sels d'or
VITALUX ADVANCED MULTI/OCUL;;_;;;;;80044606;;;_;;ALCON;728;121;79;0.22;27.14;;;80044606;56394301063;;HD-Sels d'or
APO LORAZEPAM;;0.5 MG;;;;;655740;;;_;;APOTEX;458;1057;217;0.04;40.27;;;655740;771313005487;;Substance ciblée
APO OXAZEPAM;;15 MG;;;;;402745;;;_;;APOTEX;490;892;345;0.06;52.27;;;402745;771313006576;;Substance ciblée
PMS CLONAZEPAM;;2 MG;;;;;2048736;;;_;;PHMSCIENCE;280;341;18;0.08;26.29;;;2048736;57606873620;;Substance ciblée
PMS CLONAZEPAM;;0.25 MG;;;;;2179660;;;_;;PHMSCIENCE;252;290;144;0.07;21.34;;;2179660;57606966025;;Substance ciblée
PMS CLONAZEPAM;;1 MG;;;;;2048728;;;_;;PHMSCIENCE;210;261;392;0.16;41.39;;;2048728;57606872821;;Substance ciblée
PMS CLONAZEPAM-R;;0.5 MG;;;;;2207818;;;_;;PHMSCIENCE;850;505;24;0.04;22.37;;;2207818;57606781826;;Substance ciblée
PMS LORAZEPAM;;1 MG;;;;;728195;;;_;;PHMSCIENCE;835;102;191;0.05;4.89;;;728195;57606819529;;Substance ciblée
RESTORIL;;30 MG;;;;;604461;;;_;;AA PHARMA;42;102;143;0.32;32.34;;;604461;660933002054;;Substance ciblée
RIVA OXAZEPAM;;30 MG;;;;;568414;;;_;;RIVA;28;378;318;0.08;30.24;;;568414;775848144277;;Substance ciblée
;;;;;;;;;;;;;;Grand total:;;38 978.29;;;;;;;
